ID,Status,Ethnicity,ACVR1B
C1,Control,white,GA
C2,Control,white,GG
C3,Control,white,AA
C4,Control,white,GG
C5,Control,white,GA
C6,Control,white,AA
C7,Control,white,GA
C8,Control,white,AA
C9,Control,white,AA
C10,Control,brown,AA
C11,Control,brown,GA
C12,Control,white,AA
C13,Control,white,AA
C14,Control,white,GA
C15,Control,white,AA
C16,Control,white,AA
C17,Control,black,GA
C18,Control,white,AA
C19,Control,white,GA
C20,Control,white,AA
C21,Control,white,AA
C22,Control,white,AA
C23,Control,white,AA
C24,Control,white,GA
C25,Control,white,GG
C26,Control,white,GA
C27,Control,white,AA
C28,Control,brown,GA
C29,Control,white,GA
C30,Control,white,GA
C31,Control,white,AA
C32,Control,white,AA
C33,Control,white,GA
C34,Control,white,GG
C35,Control,brown,AA
C36,Control,white,GA
C37,Control,white,GA
C38,Control,white,GG
C39,Control,brown,GA
C40,Control,black,GG
C41,Control,white,AA
C42,Control,white,GA
C43,Control,white,AA
C44,Control,black,GA
C45,Control,white,GA
C46,Control,black,GA
C47,Control,white,GG
C48,Control,white,GA
C49,Control,white,GG
C50,Control,white,AA
C51,Control,white,GA
C52,Control,white,AA
C53,Control,white,GA
C54,Control,white,AA
C55,Control,white,GG
C56,Control,white,GA
C57,Control,white,GA
C58,Control,white,GA
C59,Control,white,AA
C60,Control,black,AA
C61,Control,white,AA
C62,Control,black,GA
C63,Control,white,AA
C64,Control,white,AA
C65,Control,black,GG
C66,Control,white,AA
C67,Control,black,GA
C68,Control,white,AA
C69,Control,white,AA
C70,Control,brown,GA
C71,Control,white,AA
C72,Control,white,AA
C73,Control,white,AA
C74,Control,white,AA
C75,Control,black,GA
C76,Control,white,GG
C77,Control,black,AA
C78,Control,white,GG
C79,Control,brown,GA
C80,Control,black,GG
C81,Control,white,AA
C82,Control,white,GA
C83,Control,white,AA
C84,Control,white,GG
C85,Control,white,GA
C86,Control,white,AA
C87,Control,white,AA
C88,Control,brown,GA
C89,Control,white,AA
C90,Control,brown,GA
C91,Control,white,GG
C92,Control,white,AA
C93,Control,white,GA
C94,Control,white,GA
C95,Control,brown,AA
C96,Control,brown,GA
C97,Control,white,GA
C98,Control,white,GA
C99,Control,white,GA
C100,Control,white,AA
C101,Control,white,GA
C102,Control,white,AA
C103,Control,white,GA
C104,Control,brown,GA
C105,Control,white,GG
C106,Control,white,AA
C107,Control,white,AA
C108,Control,white,GA
C109,Control,white,AA
C110,Control,white,GA
C111,Control,black,GA
C112,Control,black,GA
C113,Control,white,AA
C114,Control,brown,GA
C115,Control,brown,GA
C116,Control,brown,GG
C117,Control,white,GG
C118,Control,white,AA
C119,Control,white,AA
C120,Control,brown,GA
C121,Control,white,AA
C122,Control,brown,GG
C123,Control,white,AA
C124,Control,brown,AA
C125,Control,black,GA
C126,Control,white,AA
C127,Control,white,AA
C128,Control,white,GA
C129,Control,white,AA
C130,Control,black,AA
C131,Control,white,AA
C132,Control,white,GA
C133,Control,white,AA
C134,Control,white,GA
C135,Control,white,AA
C136,Control,brown,AA
C137,Control,white,GA
C138,Control,white,AA
C139,Control,brown,AA
C140,Control,white,AA
C141,Control,white,GA
C142,Control,white,AA
C143,Control,brown,GA
C144,Control,white,GG
C145,Control,white,GA
C146,Control,white,AA
C147,Control,white,AA
C148,Control,white,AA
C149,Control,brown,GA
C150,Control,white,AA
C151,Control,white,GA
C152,Control,white,GA
C153,Control,white,AA
C154,Control,white,AA
C155,Control,white,AA
C156,Control,brown,AA
C157,Control,brown,AA
C158,Control,white,GA
C159,Control,white,GA
C160,Control,white,GG
C161,Control,brown,GG
C162,Control,black,GA
C163,Control,brown,GA
C164,Control,black,AA
C165,Control,brown,AA
C166,Control,black,GA
C167,Control,brown,GA
C168,Control,black,AA
C169,Control,black,AA
C170,Control,brown,AA
C171,Control,brown,AA
C172,Control,brown,AA
C173,Control,black,GA
C174,Control,brown,GG
C175,Control,black,GA
C176,Control,brown,AA
C177,Control,black,GA
C178,Control,black,GA
C179,Control,brown,GA
C180,Control,brown,GG
C181,Control,brown,GG
C182,Control,brown,GA
C183,Control,brown,GG
C184,Control,black,AA
C185,Control,brown,GA
C186,Control,brown,GA
C187,Control,brown,AA
C188,Control,black,GA
C189,Control,black,GA
C190,Control,brown,GG
C191,Control,brown,GA
C192,Control,brown,GA
C193,Control,brown,GA
C194,Control,brown,GG
C195,Control,black,AA
C196,Control,black,AA
C197,Control,black,GA
C198,Control,black,GA
C199,Control,brown,GA
C200,Control,brown,AA
C201,Control,brown,GA
C202,Control,brown,GG
C203,Control,brown,AA
C204,Control,brown,GA
C205,Control,brown,GA
C206,Control,brown,AA
C207,Control,brown,GA
C208,Control,black,AA
C209,Control,brown,AA
C210,Control,black,AA
C211,Control,brown,GA
C212,Control,black,GA
C213,Control,brown,AA
C214,Control,brown,AA
C215,Control,black,AA
C216,Control,black,AA
C217,Control,brown,GA
C218,Control,brown,AA
C219,Control,black,AA
C220,Control,brown,GG
C221,Control,brown,AA
C222,Control,brown,AA
C223,Control,black,GA
C224,Control,brown,GA
C225,Control,brown,AA
C226,Control,brown,AA
C227,Control,brown,GG
C228,Control,brown,GA
C229,Control,brown,GA
C230,Control,brown,GG
C231,Control,brown,GA
C232,Control,black,GA
C233,Control,brown,GA
C234,Control,black,GA
C235,Control,brown,AA
C236,Control,black,AA
C237,Control,brown,AA
C238,Control,brown,GA
C239,Control,brown,AA
C240,Control,black,AA
C241,Control,brown,AA
C242,Control,brown,GG
C243,Control,brown,AA
C244,Control,brown,GG
C245,Control,brown,GG
C246,Control,brown,GA
C247,Control,brown,GG
C248,Control,black,AA
C249,Control,black,GA
C250,Control,black,GA
C251,Control,brown,GG
C252,Control,black,GA
C253,Control,brown,GA
A1,Athlete,Asian,GG
A2,Athlete,white,AA
A3,Athlete,white,GA
A4,Athlete,white,AA
A5,Athlete,white,AA
A6,Athlete,white,GA
A7,Athlete,Asian,GA
A8,Athlete,brown,AA
A9,Athlete,brown,GA
A10,Athlete,white,GA
A11,Athlete,brown,GA
A12,Athlete,brown,GG
A13,Athlete,black,AA
A14,Athlete,white,GA
A15,Athlete,brown,GA
A16,Athlete,white,GA
A17,Athlete,white,AA
A18,Athlete,white,GA
A19,Athlete,white,AA
A20,Athlete,white,GA
A21,Athlete,black,GA
A22,Athlete,white,GA
A23,Athlete,white,AA
A24,Athlete,white,GA
A25,Athlete,NA,AA
A26,Athlete,white,AA
A27,Athlete,white,GA
A28,Athlete,Asian,AA
A29,Athlete,white,AA
A30,Athlete,brown,GA
A31,Athlete,white,GA
A32,Athlete,white,GA
A33,Athlete,white,GA
A34,Athlete,brown,GA
A35,Athlete,white,AA
A36,Athlete,black,GG
A37,Athlete,white,GA
A38,Athlete,white,AA
A39,Athlete,white,GA
A40,Athlete,white,AA
A41,Athlete,white,AA
A42,Athlete,black,AA
A43,Athlete,black,GA
A44,Athlete,white,GA
A45,Athlete,white,GA
A46,Athlete,white,GA
A47,Athlete,brown,GG
A48,Athlete,brown,GA
A49,Athlete,Half Asian,GA
A50,Athlete,white,AA
A51,Athlete,white,AA
A52,Athlete,brown,GA
A53,Athlete,white,AA
A54,Athlete,black,GA
A55,Athlete,white,GA
A56,Athlete,white,GG
A57,Athlete,black,AA
A58,Athlete,brown,AA
A59,Athlete,brown,GA
A60,Athlete,white,AA
A61,Athlete,black,GA
A62,Athlete,brown,AA
A63,Athlete,white,AA
A64,Athlete,white,AA
A65,Athlete,white,GA
A66,Athlete,brown,GA
A67,Athlete,white,AA
A68,Athlete,black,GG
A69,Athlete,brown,GG
A70,Athlete,white,AA
A71,Athlete,brown,GG
A72,Athlete,white,GA
A73,Athlete,white,GG
A74,Athlete,brown,AA
A75,Athlete,white,AA
A76,Athlete,white,GG
A77,Athlete,white,GA
A78,Athlete,white,AA
A79,Athlete,white,GA
A80,Athlete,black,AA
A81,Athlete,white,AA
A82,Athlete,white,GA
A83,Athlete,white,AA
A84,Athlete,white,AA
A85,Athlete,white,GA
A86,Athlete,brown,GA
A87,Athlete,brown,GA
A88,Athlete,white,GG
A89,Athlete,white,AA
A90,Athlete,white,AA
A91,Athlete,white,AA
A92,Athlete,brown,GA
A93,Athlete,black,GG
A94,Athlete,white,AA
A95,Athlete,brown,AA
A96,Athlete,brown,GA
A97,Athlete,white,GG
A98,Athlete,white,AA
A99,Athlete,white,GG
A100,Athlete,white,AA
A101,Athlete,brown,AA
A102,Athlete,brown,GG
A103,Athlete,black,AA
A104,Athlete,brown,GA
A105,Athlete,brown,GG
A106,Athlete,brown,GA
A107,Athlete,white,AA
A108,Athlete,brown,GA
A109,Athlete,brown,GA
A110,Athlete,Half Asian,GA
A111,Athlete,black,AA
A112,Athlete,white,GA
A113,Athlete,white,GA
A114,Athlete,brown,GG
A115,Athlete,brown,GA
A116,Athlete,black,AA
A117,Athlete,black,AA
A118,Athlete,brown,GG
A119,Athlete,black,GG
A120,Athlete,black,AA
A121,Athlete,black,GA
A122,Athlete,black,GA
A123,Athlete,black,GG
A124,Athlete,brown,GA
A125,Athlete,white,GA
A126,Athlete,white,AA
A127,Athlete,white,AA
A128,Athlete,white,GA
A129,Athlete,white,GA
A130,Athlete,black,AA
A131,Athlete,white,GA
A132,Athlete,black,AA
A133,Athlete,brown,GA
A134,Athlete,white,AA
A135,Athlete,brown,GG
A136,Athlete,brown,GA
A137,Athlete,black,AA
A138,Athlete,brown,AA
A139,Athlete,brown,AA
A140,Athlete,white,GA
A141,Athlete,white,AA
A142,Athlete,white,GA
A143,Athlete,white,AA
A144,Athlete,brown,GA
A145,Athlete,white,GA
A146,Athlete,white,AA
A147,Athlete,black,GA
A148,Athlete,black,AA
A149,Athlete,native Brasilian indian,AA
A150,Athlete,black,GA
A151,Athlete,black,AA
A152,Athlete,brown,GG
A153,Athlete,black,GA
A154,Athlete,white,GA
A155,Athlete,black,GA
A156,Athlete,black,GG
A157,Athlete,black,GA
A158,Athlete,white,AA
A159,Athlete,black,GA
A160,Athlete,black,AA
A161,Athlete,brown,GA
A162,Athlete,brown,AA
A163,Athlete,brown,GG
A164,Athlete,black,GG
A165,Athlete,black,GA
A166,Athlete,black,AA
A167,Athlete,black,GA
A168,Athlete,black,GA
A169,Athlete,black,GA
A170,Athlete,black,GG
A171,Athlete,brown,GA
A172,Athlete,white,AA
A173,Athlete,brown,GA
A174,Athlete,black,GA
A175,Athlete,brown,GA
A176,Athlete,black,GA
A177,Athlete,white,GA
A178,Athlete,brown,GG
A179,Athlete,brown,AA
A180,Athlete,brown,GG
A181,Athlete,brown,AA
A182,Athlete,brown,GA
A183,Athlete,brown,GA
A184,Athlete,brown,AA
A185,Athlete,brown,GA
A186,Athlete,brown,GA
A187,Athlete,white,GA
A188,Athlete,brown,GA
A189,Athlete,white,AA
A190,Athlete,white,GA
A191,Athlete,white,GG
A192,Athlete,black,GG
A193,Athlete,white,AA
A194,Athlete,white,GA
A195,Athlete,white,AA
A196,Athlete,white,GG
A197,Athlete,white,AA
A198,Athlete,black,GA
A199,Athlete,white,GA
A200,Athlete,white,GG
A201,Athlete,brown,GA
A202,Athlete,black,AA
A203,Athlete,brown,GA
A204,Athlete,black,GA
A205,Athlete,black,AA
A206,Athlete,brown,GA
A207,Athlete,black,AA
A208,Athlete,brown,GA
A209,Athlete,white,GA
A210,Athlete,white,GA
A211,Athlete,brown,GG
A212,Athlete,brown,AA
A213,Athlete,white,AA
A214,Athlete,white,GA
A215,Athlete,brown,GA
A216,Athlete,brown,GA
A217,Athlete,brown,AA
A218,Athlete,brown,GA
A219,Athlete,white,GA
A220,Athlete,brown,AA
A221,Athlete,black,GA
A222,Athlete,white,GA
A223,Athlete,white,GA
A224,Athlete,white,AA
A225,Athlete,black,GA
A226,Athlete,black,GA
A227,Athlete,brown,AA
A228,Athlete,white,AA
A229,Athlete,brown,GA
A230,Athlete,white,GA
A231,Athlete,brown,GA
A232,Athlete,brown,AA
A233,Athlete,black,GA
A234,Athlete,white,AA
A235,Athlete,brown,GG
A236,Athlete,brown,AA
A237,Athlete,brown,AA
A238,Athlete,brown,AA
A239,Athlete,brown,GA
A240,Athlete,brown,GA
A241,Athlete,black,AA
A242,Athlete,brown,AA
A243,Athlete,brown,GA
A244,Athlete,white,GA
A245,Athlete,brown,AA
A246,Athlete,black,GA
A247,Athlete,brown,GA
A248,Athlete,brown,AA
A249,Athlete,white,AA
A250,Athlete,black,AA
A251,Athlete,brown,GA
A252,Athlete,white,AA
A253,Athlete,white,GA
A254,Athlete,white,GA
A255,Athlete,white,GA
A256,Athlete,white,GG
A257,Athlete,white,GG
A258,Athlete,white,AA
A259,Athlete,black,GG
A260,Athlete,white,AA
A261,Athlete,brown,AA
A262,Athlete,white,AA
A263,Athlete,white,GA
A264,Athlete,white,GA
A265,Athlete,white,GA
A266,Athlete,brown,GG
A267,Athlete,white,AA
A268,Athlete,white,GA
A269,Athlete,white,GA
A270,Athlete,white,GA
A271,Athlete,brown,GA
A272,Athlete,white,AA
A273,Athlete,brown,GA
A274,Athlete,white,GA
A275,Athlete,brown,AA
A276,Athlete,brown,GA
A277,Athlete,white,GA
A278,Athlete,brown,AA
A279,Athlete,white,GA
A280,Athlete,white,AA
A281,Athlete,white,GA
A282,Athlete,white,AA
A283,Athlete,white,AA
A284,Athlete,white,GG
A285,Athlete,brown,GA
A286,Athlete,white,GA
A287,Athlete,white,AA
A288,Athlete,white,AA
A289,Athlete,brown,GA
A290,Athlete,white,GA
A291,Athlete,white,AA
A292,Athlete,white,GA
A293,Athlete,white,AA
A294,Athlete,white,AA
A295,Athlete,white,AA
A296,Athlete,white,AA
A297,Athlete,white,AA
A298,Athlete,white,AA
A299,Athlete,brown,GA
A300,Athlete,white,GA
A301,Athlete,white,GA
A302,Athlete,white,GA
A303,Athlete,white,GA
A304,Athlete,brown,AA
A305,Athlete,white,AA
A306,Athlete,white,AA
A307,Athlete,white,AA
A308,Athlete,white,AA
A309,Athlete,white,GA
A310,Athlete,white,AA
A311,Athlete,white,AA
A312,Athlete,white,AA
A313,Athlete,white,GA
A314,Athlete,brown,GA
A315,Athlete,white,AA
A316,Athlete,white,GA
A317,Athlete,white,GA
A318,Athlete,white,AA
A319,Athlete,white,GA
A320,Athlete,white,AA
A321,Athlete,Asian,GA
A322,Athlete,white,AA
A323,Athlete,white,AA
A324,Athlete,brown,AA
A325,Athlete,white,AA
A326,Athlete,white,AA
A327,Athlete,white,GA
A328,Athlete,white,GA
A329,Athlete,brown,AA
A330,Athlete,brown,GG
A331,Athlete,white,AA
A332,Athlete,black,GG
A333,Athlete,black,GA
A334,Athlete,black,GA
A335,Athlete,brown,GA
A336,Athlete,brown,GA
A337,Athlete,white,AA
A338,Athlete,brown,GA
A339,Athlete,black,AA
A340,Athlete,black,GA
A341,Athlete,black,AA
A342,Athlete,brown,AA
A343,Athlete,black,GG
A344,Athlete,black,GA
A345,Athlete,white,GA
A346,Athlete,white,GA
A347,Athlete,brown,GA
A348,Athlete,brown,GG
A349,Athlete,black,GA
A350,Athlete,white,AA
A351,Athlete,white,GA
A352,Athlete,white,AA
A353,Athlete,black,GA
A354,Athlete,white,GA
A355,Athlete,black,AA
A356,Athlete,brown,AA
A357,Athlete,black,GA
A358,Athlete,black,GA
A359,Athlete,brown,GA
A360,Athlete,black,GA
A361,Athlete,black,GA
A362,Athlete,brown,GG
A363,Athlete,white,AA
A364,Athlete,white,GA
A365,Athlete,black,AA
A366,Athlete,white,AA
A367,Athlete,brown,GA
A368,Athlete,white,GG
A369,Athlete,white,GA
A370,Athlete,brown,GA
A371,Athlete,brown,AA
A372,Athlete,black,GG
A373,Athlete,white,AA
A374,Athlete,black,AA
A375,Athlete,white,AA
A376,Athlete,brown,GA
A377,Athlete,white,AA
A378,Athlete,Asian,AA
A379,Athlete,white,GA
A380,Athlete,white,GA
A381,Athlete,brown,AA
A382,Athlete,white,GA
A383,Athlete,white,GG
A384,Athlete,brown,AA
A385,Athlete,brown,GA
A386,Athlete,white,GG
A387,Athlete,white,GG
A388,Athlete,white,AA
A389,Athlete,white,AA
A390,Athlete,white,GA
A391,Athlete,white,GG
A392,Athlete,white,AA
A393,Athlete,white,GA
A394,Athlete,white,GA
A395,Athlete,white,GA
A396,Athlete,white,GA
A397,Athlete,brown,GA
A398,Athlete,white,AA
A399,Athlete,brown,GA
A400,Athlete,white,AA
A401,Athlete,white,GA
A402,Athlete,white,AA
A403,Athlete,white,AA
A404,Athlete,white,AA
A405,Athlete,white,GA
A406,Athlete,brown,GA
A407,Athlete,white,GA
A408,Athlete,white,GG
A409,Athlete,white,GA
A410,Athlete,white,AA
A411,Athlete,white,GA
A412,Athlete,white,AA
A413,Athlete,Asian,GA
A414,Athlete,brown,GA
A415,Athlete,brown,GA
A416,Athlete,white,GA
A417,Athlete,white,GA
A418,Athlete,white,GA
A419,Athlete,black,GA
A420,Athlete,white,GG
A421,Athlete,white,GA
A422,Athlete,white,AA
A423,Athlete,white,GG
A424,Athlete,white,AA
A425,Athlete,white,AA
A426,Athlete,brown,GG
A427,Athlete,white,GA
A428,Athlete,white,AA
A429,Athlete,white,GA
A430,Athlete,white,GA
A431,Athlete,brown,AA
A432,Athlete,brown,GG
A433,Athlete,black,GA
A434,Athlete,brown,AA
A435,Athlete,brown,AA
A436,Athlete,black,AA
A437,Athlete,white,GA
A438,Athlete,white,AA
A439,Athlete,white,GA
A440,Athlete,brown,GA
A441,Athlete,black,AA
A442,Athlete,black,GA
A443,Athlete,brown,AA
A444,Athlete,brown,GG
A445,Athlete,brown,AA
A446,Athlete,white,AA
A447,Athlete,black,GA
A448,Athlete,white,AA
A449,Athlete,black,AA
A450,Athlete,black,GG
A451,Athlete,black,GA
A452,Athlete,black,AA
A453,Athlete,brown,GA
A454,Athlete,white,GA
A455,Athlete,white,AA
A456,Athlete,white,GA
A457,Athlete,white,GA
A458,Athlete,white,GG
A459,Athlete,white,AA
A460,Athlete,white,AA
A461,Athlete,white,AA
A462,Athlete,white,GA
A463,Athlete,white,GG
A464,Athlete,white,GA
A465,Athlete,white,AA
A466,Athlete,white,GG
A467,Athlete,white,GA
A468,Athlete,black,GG
A469,Athlete,brown,AA
A470,Athlete,white,AA
A471,Athlete,white,GA
A472,Athlete,white,GA
A473,Athlete,brown,GA
A474,Athlete,white,AA
C258,Control,Caucasian,GA
C259,Control,Caucasian,AA
C260,Control,Caucasian,AA
C261,Control,Caucasian,GA
C262,Control,Caucasian,AA
C263,Control,Caucasian,AA
C264,Control,Caucasian,GA
C265,Control,Caucasian,AA
C266,Control,Caucasian,AA
C267,Control,Caucasian,GG
C268,Control,Caucasian,AA
C269,Control,Caucasian,GA
C270,Control,Caucasian,GG
C271,Control,Caucasian,GA
C272,Control,Caucasian,AA
C273,Control,Caucasian,AA
C274,Control,Caucasian,GG
C275,Control,Caucasian,GA
C276,Control,Caucasian,GA
C277,Control,Caucasian,AA
C278,Control,Caucasian,AA
C279,Control,Caucasian,GG
C280,Control,Caucasian,AA
C281,Control,Caucasian,AA
C282,Control,Caucasian,AA
C283,Control,Caucasian,GA
C284,Control,Caucasian,AA
C285,Control,Caucasian,GA
C286,Control,Caucasian,GA
C287,Control,Caucasian,GA
C288,Control,Caucasian,GA
C289,Control,Caucasian,AA
C290,Control,Caucasian,GA
C291,Control,Caucasian,AA
C292,Control,Caucasian,AA
C293,Control,Caucasian,AA
C294,Control,Caucasian,AA
C295,Control,Caucasian,AA
C296,Control,Caucasian,GA
C297,Control,Caucasian,AA
C298,Control,Caucasian,AA
C299,Control,Caucasian,AA
C300,Control,Caucasian,GA
C301,Control,Caucasian,AA
C302,Control,Caucasian,GA
C303,Control,Caucasian,GA
C304,Control,Caucasian,AA
C305,Control,Caucasian,AA
C306,Control,Caucasian,AA
C307,Control,Caucasian,GA
C308,Control,Caucasian,GA
C309,Control,Caucasian,GA
C310,Control,Caucasian,GA
C311,Control,Caucasian,AA
C312,Control,Caucasian,GA
C313,Control,Caucasian,GA
C314,Control,Caucasian,AA
C315,Control,Caucasian,GG
C316,Control,Caucasian,GA
C317,Control,Caucasian,AA
C318,Control,Caucasian,GA
C319,Control,Caucasian,GA
C320,Control,Caucasian,GA
C321,Control,Caucasian,AA
C322,Control,Caucasian,GA
C323,Control,Caucasian,GA
C324,Control,Caucasian,GA
C325,Control,Caucasian,AA
C326,Control,Caucasian,GA
C327,Control,Caucasian,AA
C328,Control,Caucasian,GA
C329,Control,Caucasian,GA
C330,Control,Caucasian,AA
C331,Control,Caucasian,GG
C332,Control,Caucasian,GA
C333,Control,Caucasian,GA
C334,Control,Caucasian,AA
C335,Control,Caucasian,AA
C336,Control,Caucasian,AA
C337,Control,Caucasian,AA
C338,Control,Caucasian,AA
C339,Control,Caucasian,GA
C340,Control,Caucasian,AA
C341,Control,Caucasian,AA
A475,Athlete,Caucasian,GA
A476,Athlete,Caucasian,GA
A477,Athlete,Caucasian,AA
A478,Athlete,Caucasian,AA
A479,Athlete,Caucasian,GA
A480,Athlete,Caucasian,GA
A481,Athlete,Caucasian,GA
A482,Athlete,Caucasian,GA
A483,Athlete,Caucasian,AA
A484,Athlete,Caucasian,GA
A485,Athlete,Caucasian,GA
A486,Athlete,Caucasian,AA
A487,Athlete,Caucasian,AA
A488,Athlete,Caucasian,GA
A489,Athlete,Caucasian,AA
A490,Athlete,Caucasian,AA
A491,Athlete,Caucasian,GA
A492,Athlete,Caucasian,GA
A493,Athlete,Caucasian,GA
A494,Athlete,Caucasian,GA
A495,Athlete,Caucasian,GA
A496,Athlete,Caucasian,AA
A497,Athlete,Caucasian,GG
A498,Athlete,Caucasian,AA
A499,Athlete,Caucasian,GA
A500,Athlete,Caucasian,GA
A501,Athlete,Caucasian,AA
A502,Athlete,Caucasian,GA
A503,Athlete,Caucasian,AA
A504,Athlete,Caucasian,AA
A505,Athlete,Caucasian,AA
A506,Athlete,Caucasian,AA
A507,Athlete,Caucasian,AA
A508,Athlete,Caucasian,AA
A509,Athlete,Caucasian,GA
A510,Athlete,Caucasian,AA
A511,Athlete,Caucasian,AA
A512,Athlete,Caucasian,GG
A513,Athlete,Caucasian,GA
A514,Athlete,Caucasian,GA
A515,Athlete,Caucasian,AA
A516,Athlete,Caucasian,GA
A517,Athlete,Caucasian,AA
A518,Athlete,Caucasian,AA
A519,Athlete,Caucasian,AA
A520,Athlete,Caucasian,AA
A521,Athlete,Caucasian,GA
A522,Athlete,Caucasian,AA
A523,Athlete,Caucasian,GG
A524,Athlete,Caucasian,AA
A525,Athlete,Caucasian,GA
A526,Athlete,Caucasian,GA
A527,Athlete,Caucasian,GA
A528,Athlete,Caucasian,GA
A529,Athlete,Caucasian,AA
A530,Athlete,Caucasian,GA
A531,Athlete,African-American,GA
A532,Athlete,Caucasian,AA
A533,Athlete,African-American,AA
A534,Athlete,Caucasian,AA
A535,Athlete,Caucasian,AA
A536,Athlete,African-American,AA
A537,Athlete,African-American,AA
A538,Athlete,Caucasian,GA
A539,Athlete,Caucasian,AA
A540,Athlete,Caucasian,GA
A541,Athlete,African-American,AA
A542,Athlete,Caucasian,GA
A543,Athlete,Caucasian,GA
A544,Athlete,Caucasian,GA
A545,Athlete,Caucasian,AA
A546,Athlete,Caucasian,AA
A547,Athlete,Caucasian,GA
A548,Athlete,Caucasian,GA
A549,Athlete,African-American,AA
A550,Athlete,Caucasian,GA
A551,Athlete,Caucasian,GA
A552,Athlete,Caucasian,GA
A553,Athlete,Caucasian,AA
A554,Athlete,Caucasian,AA
A555,Athlete,Caucasian,AA
A556,Athlete,Caucasian,GA
A557,Athlete,Caucasian,AA
A558,Athlete,Caucasian,GG
A559,Athlete,Caucasian,GA
A560,Athlete,Caucasian,GA
A561,Athlete,Caucasian,GA
A562,Athlete,Caucasian,AA
A563,Athlete,Caucasian,AA
A564,Athlete,Caucasian,AA
A565,Athlete,Caucasian,AT
A566,Athlete,Caucasian,AA
A567,Athlete,Caucasian,AA
A568,Athlete,Caucasian,GG
A569,Athlete,Caucasian,AA
A570,Athlete,Caucasian,GG
A571,Athlete,Caucasian,GA
A572,Athlete,Caucasian,AA
A573,Athlete,Caucasian,AA
A574,Athlete,Caucasian,GA
A575,Athlete,Caucasian,AA
A576,Athlete,Caucasian,GA
A577,Athlete,Caucasian,AA
A578,Athlete,Caucasian,AA
A579,Athlete,Caucasian,GA
A580,Athlete,Caucasian,GA
A581,Athlete,Caucasian,AA
A582,Athlete,Caucasian,GA
A583,Athlete,Caucasian,GA
A584,Athlete,Caucasian,GA
A585,Athlete,Caucasian,GA
A586,Athlete,Caucasian,AA
A587,Athlete,Caucasian,AA
A588,Athlete,Caucasian,GG
A589,Athlete,Caucasian,AA
A590,Athlete,Caucasian,AA
A591,Athlete,Caucasian,AA
A592,Athlete,Caucasian,GA
A593,Athlete,Caucasian,AA
A594,Athlete,Caucasian,AA
A595,Athlete,Caucasian,AA
A596,Athlete,Caucasian,AA
A597,Athlete,Caucasian,AA
A598,Athlete,Caucasian,AA
A599,Athlete,Caucasian,AA
C342,Control,Caucasian,AA
C343,Control,Caucasian,AG
C344,Control,Caucasian,AA
C345,Control,Caucasian,AG
C346,Control,Caucasian,AA
C347,Control,Caucasian,AG
C348,Control,Caucasian,AG
C349,Control,Caucasian,AA
C350,Control,Caucasian,AA
C351,Control,Caucasian,AA
C352,Control,Caucasian,AA
C353,Control,Caucasian,AG
C354,Control,Caucasian,AG
C355,Control,Caucasian,AG
C356,Control,Caucasian,AG
C357,Control,Caucasian,AA
C358,Control,Caucasian,GG
C359,Control,Caucasian,GG
C360,Control,Caucasian,AA
C361,Control,Caucasian,AA
C362,Control,Caucasian,AA
C363,Control,Caucasian,GG
C364,Control,Caucasian,AA
C365,Control,Caucasian,AA
C366,Control,Caucasian,AA
C367,Control,Caucasian,AA
C368,Control,Caucasian,AA
C369,Control,Caucasian,AA
C370,Control,Caucasian,GG
C371,Control,Caucasian,AA
C372,Control,Caucasian,AG
C373,Control,Caucasian,AA
C374,Control,Caucasian,AA
C375,Control,Caucasian,AG
C376,Control,Caucasian,AA
C377,Control,Caucasian,AG
C378,Control,Caucasian,AA
C379,Control,Caucasian,AA
C380,Control,Caucasian,AA
C381,Control,Caucasian,AG
C382,Control,Caucasian,AG
C383,Control,Caucasian,AG
C384,Control,Caucasian,AA
C385,Control,Caucasian,AG
C386,Control,Caucasian,AA
C387,Control,Caucasian,AA
C388,Control,Caucasian,AG
C389,Control,Caucasian,AG
C390,Control,Caucasian,AA
C391,Control,Caucasian,AA
C392,Control,Caucasian,AG
C393,Control,Caucasian,AG
C394,Control,Caucasian,AA
C395,Control,Caucasian,AA
C396,Control,Caucasian,AA
C397,Control,Caucasian,AA
C398,Control,Caucasian,AA
C399,Control,Caucasian,AA
C400,Control,Caucasian,AG
C401,Control,Caucasian,AA
C402,Control,Caucasian,AG
C403,Control,Caucasian,AA
C404,Control,Caucasian,AA
C405,Control,Caucasian,AG
C406,Control,Caucasian,AA
C407,Control,Caucasian,AA
C408,Control,Caucasian,AA
C409,Control,Caucasian,AG
C410,Control,Caucasian,AA
C411,Control,Caucasian,AG
C412,Control,Caucasian,AA
C413,Control,Caucasian,AA
C414,Control,Caucasian,AG
C415,Control,Caucasian,AA
C416,Control,Caucasian,AG
C417,Control,Caucasian,AG
C418,Control,Caucasian,AA
C419,Control,Caucasian,AA
C420,Control,Caucasian,AA
C421,Control,Caucasian,AA
C422,Control,Caucasian,AA
C423,Control,Caucasian,AA
C424,Control,Caucasian,AA
C425,Control,Caucasian,AA
C426,Control,Caucasian,AG
C427,Control,Caucasian,AA
C428,Control,Caucasian,AG
C429,Control,Caucasian,AA
C430,Control,Caucasian,GG
C431,Control,Caucasian,AA
C432,Control,Caucasian,AG
C433,Control,Caucasian,GG
C434,Control,Caucasian,AG
C435,Control,Caucasian,GG
C436,Control,Caucasian,GG
C437,Control,Caucasian,AG
C438,Control,Caucasian,AG
C439,Control,Caucasian,AG
C440,Control,Caucasian,GG
C441,Control,Caucasian,GG
C442,Control,Caucasian,AA
C443,Control,Caucasian,AA
C444,Control,Caucasian,AG
C445,Control,Caucasian,AG
C446,Control,Caucasian,AA
C447,Control,Caucasian,AA
C448,Control,Caucasian,AG
C449,Control,Caucasian,AA
C450,Control,Caucasian,AA
C451,Control,Caucasian,AA
C452,Control,Caucasian,AA
C453,Control,Caucasian,AA
C454,Control,Caucasian,AG
C455,Control,Caucasian,GG
C456,Control,Caucasian,AA
C457,Control,Caucasian,GG
C458,Control,Caucasian,AA
C459,Control,Caucasian,AG
C460,Control,Caucasian,AA
C461,Control,Caucasian,AA
C462,Control,Caucasian,AA
C463,Control,Caucasian,AA
C464,Control,Caucasian,AG
C465,Control,Caucasian,AA
C466,Control,Caucasian,AA
C467,Control,Caucasian,AA
C468,Control,Caucasian,AA
C469,Control,Caucasian,AA
C470,Control,Caucasian,AA
C471,Control,Caucasian,AA
C472,Control,Caucasian,GG
C473,Control,Caucasian,AA
C474,Control,Caucasian,AA
C475,Control,Caucasian,GG
C476,Control,Caucasian,AA
C477,Control,Caucasian,AA
C478,Control,Caucasian,AA
C479,Control,Caucasian,AA
C480,Control,Caucasian,AG
C481,Control,Caucasian,AA
C482,Control,Caucasian,AA
C483,Control,Caucasian,AA
C484,Control,Caucasian,AA
C485,Control,Caucasian,AG
C486,Control,Caucasian,AG
C487,Control,Caucasian,AG
C488,Control,Caucasian,GG
C489,Control,Caucasian,AA
C490,Control,Caucasian,AA
C491,Control,Caucasian,AG
C492,Control,Caucasian,AG
C493,Control,Caucasian,AG
C494,Control,Caucasian,AG
C495,Control,Caucasian,AA
C496,Control,Caucasian,AA
C497,Control,Caucasian,AA
C498,Control,Caucasian,AA
C499,Control,Caucasian,AG
C500,Control,Caucasian,AA
C501,Control,Caucasian,AG
C502,Control,Caucasian,AA
C503,Control,Caucasian,AA
C504,Control,Caucasian,AG
C505,Control,Caucasian,AG
C506,Control,Caucasian,AA
C507,Control,Caucasian,AA
C508,Control,Caucasian,GG
C509,Control,Caucasian,AA
C510,Control,Caucasian,AA
C511,Control,Caucasian,AA
C512,Control,Caucasian,AG
C513,Control,Caucasian,AG
C514,Control,Caucasian,AA
C515,Control,Caucasian,GG
C516,Control,Caucasian,GG
C517,Control,Caucasian,AA
C518,Control,Caucasian,AA
C519,Control,Caucasian,AG
C520,Control,Caucasian,AG
C521,Control,Caucasian,AG
C522,Control,Caucasian,AG
C523,Control,Caucasian,AG
C524,Control,Caucasian,AG
C525,Control,Caucasian,AA
C526,Control,Caucasian,AA
C527,Control,Caucasian,AA
C528,Control,Caucasian,AA
C529,Control,Caucasian,AA
C530,Control,Caucasian,AA
C531,Control,Caucasian,AG
C532,Control,Caucasian,AA
C533,Control,Caucasian,AA
C534,Control,Caucasian,GG
C535,Control,Caucasian,AG
C536,Control,Caucasian,AA
C537,Control,Caucasian,AA
C538,Control,Caucasian,GG
C539,Control,Caucasian,AA
C540,Control,Caucasian,AA
C541,Control,Caucasian,AA
C542,Control,Caucasian,AG
C543,Control,Caucasian,AG
C544,Control,Caucasian,AG
C545,Control,Caucasian,AG
C546,Control,Caucasian,AA
C547,Control,Caucasian,AA
C548,Control,Caucasian,AA
C549,Control,Caucasian,AA
C550,Control,Caucasian,AG
C551,Control,Caucasian,AA
C552,Control,Caucasian,AA
C553,Control,Caucasian,AG
C554,Control,Caucasian,AA
C555,Control,Caucasian,AA
C556,Control,Caucasian,AA
C557,Control,Caucasian,AA
C558,Control,Caucasian,AA
C559,Control,Caucasian,AA
C560,Control,Caucasian,AA
C561,Control,Caucasian,AA
C562,Control,Caucasian,AG
C563,Control,Caucasian,AG
C564,Control,Caucasian,AA
C565,Control,Caucasian,AG
C566,Control,Caucasian,AA
C567,Control,Caucasian,AA
C568,Control,Caucasian,AA
C569,Control,Caucasian,AG
C570,Control,Caucasian,AA
C571,Control,Caucasian,GG
C572,Control,Caucasian,AA
C573,Control,Caucasian,GG
C574,Control,Caucasian,AA
C575,Control,Caucasian,AA
C576,Control,Caucasian,AG
C577,Control,Caucasian,AG
C578,Control,Caucasian,AG
C579,Control,Caucasian,GG
C580,Control,Caucasian,GG
C581,Control,Caucasian,AA
C582,Control,Caucasian,AA
C583,Control,Caucasian,AA
C584,Control,Caucasian,AG
C585,Control,Caucasian,AG
C586,Control,Caucasian,AG
C587,Control,Caucasian,AA
C588,Control,Caucasian,AA
C589,Control,Caucasian,AG
C590,Control,Caucasian,AG
C591,Control,Caucasian,AG
C592,Control,Caucasian,AG
C593,Control,Caucasian,AA
C594,Control,Caucasian,AA
C595,Control,Caucasian,AA
C596,Control,Caucasian,AA
C597,Control,Caucasian,GG
C598,Control,Caucasian,GG
C599,Control,Caucasian,AA
C600,Control,Caucasian,GG
C601,Control,Caucasian,AA
C602,Control,Caucasian,AA
C603,Control,Caucasian,AA
C604,Control,Caucasian,AA
C605,Control,Caucasian,AA
C606,Control,Caucasian,AA
C607,Control,Caucasian,AA
C608,Control,Caucasian,AG
C609,Control,Caucasian,AA
C610,Control,Caucasian,AG
C611,Control,Caucasian,AA
C612,Control,Caucasian,AG
C613,Control,Caucasian,AG
C614,Control,Caucasian,AA
C615,Control,Caucasian,GG
C616,Control,Caucasian,AA
C617,Control,Caucasian,AA
C618,Control,Caucasian,AG
C619,Control,Caucasian,AG
C620,Control,Caucasian,AG
C621,Control,Caucasian,AG
C622,Control,Caucasian,GG
C623,Control,Caucasian,AA
C624,Control,Caucasian,GG
C625,Control,Caucasian,AA
C626,Control,Caucasian,AA
C627,Control,Caucasian,AA
C628,Control,Caucasian,AA
C629,Control,Caucasian,AG
C630,Control,Caucasian,AG
C631,Control,Caucasian,AA
C632,Control,Caucasian,AA
C633,Control,Caucasian,AA
C634,Control,Caucasian,AA
C635,Control,Caucasian,AA
C636,Control,Caucasian,AG
C637,Control,Caucasian,AA
C638,Control,Caucasian,AA
C639,Control,Caucasian,AA
C640,Control,Caucasian,GG
C641,Control,Caucasian,GG
C642,Control,Caucasian,AA
C643,Control,Caucasian,AA
C644,Control,Caucasian,AA
C645,Control,Caucasian,AG
C646,Control,Caucasian,AA
C647,Control,Caucasian,AG
C648,Control,Caucasian,AG
C649,Control,Caucasian,AG
C650,Control,Caucasian,AA
C651,Control,Caucasian,AA
C652,Control,Caucasian,AA
C653,Control,Caucasian,GG
C654,Control,Caucasian,AA
C655,Control,Caucasian,AA
C656,Control,Caucasian,AA
C657,Control,Caucasian,AA
C658,Control,Caucasian,GG
C659,Control,Caucasian,AG
C660,Control,Caucasian,AG
C661,Control,Caucasian,AA
C662,Control,Caucasian,AA
C663,Control,Caucasian,AA
C664,Control,Caucasian,AA
C665,Control,Caucasian,AA
C666,Control,Caucasian,AG
C667,Control,Caucasian,AA
C668,Control,Caucasian,AA
C669,Control,Caucasian,AA
C670,Control,Caucasian,AA
C671,Control,Caucasian,AG
C672,Control,Caucasian,AA
C673,Control,Caucasian,AA
C674,Control,Caucasian,AA
C675,Control,Caucasian,AA
C676,Control,Caucasian,GG
C677,Control,Caucasian,AA
C678,Control,Caucasian,AG
C679,Control,Caucasian,AA
C680,Control,Caucasian,AG
C681,Control,Caucasian,AG
C682,Control,Caucasian,AG
C683,Control,Caucasian,AG
C684,Control,Caucasian,AA
C685,Control,Caucasian,AA
C686,Control,Caucasian,AA
C687,Control,Caucasian,GG
C688,Control,Caucasian,AG
C689,Control,Caucasian,AG
C690,Control,Caucasian,AA
C691,Control,Caucasian,AA
C692,Control,Caucasian,GG
C693,Control,Caucasian,AA
C694,Control,Caucasian,AG
C695,Control,Caucasian,AG
C696,Control,Caucasian,AG
C697,Control,Caucasian,AG
C698,Control,Caucasian,AA
C699,Control,Caucasian,AA
C700,Control,Caucasian,AA
C701,Control,Caucasian,AA
C702,Control,Caucasian,AG
C703,Control,Caucasian,AG
C704,Control,Caucasian,AG
C705,Control,Caucasian,AG
C706,Control,Caucasian,AA
C707,Control,Caucasian,AA
C708,Control,Caucasian,AA
C709,Control,Caucasian,AG
C710,Control,Caucasian,AA
C711,Control,Caucasian,AG
C712,Control,Caucasian,GG
C713,Control,Caucasian,AA
C714,Control,Caucasian,AA
C715,Control,Caucasian,AG
C716,Control,Caucasian,AA
C717,Control,Caucasian,AA
C718,Control,Caucasian,AA
C719,Control,Caucasian,AA
C720,Control,Caucasian,AG
C721,Control,Caucasian,AG
C722,Control,Caucasian,AA
C723,Control,Caucasian,AA
C724,Control,Caucasian,GG
C725,Control,Caucasian,AA
C726,Control,Caucasian,AA
C727,Control,Caucasian,AA
C728,Control,Caucasian,AG
C729,Control,Caucasian,AA
C730,Control,Caucasian,AA
C731,Control,Caucasian,AA
C732,Control,Caucasian,AA
C733,Control,Caucasian,AG
C734,Control,Caucasian,AA
C735,Control,Caucasian,GG
C736,Control,Caucasian,AA
C737,Control,Caucasian,AA
C738,Control,Caucasian,AA
C739,Control,Caucasian,AG
C740,Control,Caucasian,AA
C741,Control,Caucasian,AA
C742,Control,Caucasian,AA
C743,Control,Caucasian,AA
C744,Control,Caucasian,AG
C745,Control,Caucasian,AG
C746,Control,Caucasian,AA
C747,Control,Caucasian,AA
C748,Control,Caucasian,AA
C749,Control,Caucasian,AA
C750,Control,Caucasian,AA
C751,Control,Caucasian,AA
C752,Control,Caucasian,AA
C753,Control,Caucasian,GG
C754,Control,Caucasian,AA
C755,Control,Caucasian,AA
C756,Control,Caucasian,AG
C757,Control,Caucasian,AA
C758,Control,Caucasian,AA
C759,Control,Caucasian,AA
C760,Control,Caucasian,AA
C761,Control,Caucasian,AA
C762,Control,Caucasian,AA
C763,Control,Caucasian,AA
C764,Control,Caucasian,AA
C765,Control,Caucasian,GG
C766,Control,Caucasian,AA
C767,Control,Caucasian,AA
C768,Control,Caucasian,AA
C769,Control,Caucasian,AG
C770,Control,Caucasian,AA
C771,Control,Caucasian,AA
C772,Control,Caucasian,GG
C773,Control,Caucasian,AG
C774,Control,Caucasian,AG
C775,Control,Caucasian,AG
C776,Control,Caucasian,AG
C777,Control,Caucasian,AG
C778,Control,Caucasian,AG
C779,Control,Caucasian,AG
C780,Control,Caucasian,AG
C781,Control,Caucasian,AG
C782,Control,Caucasian,AG
C783,Control,Caucasian,AG
C784,Control,Caucasian,AG
C785,Control,Caucasian,AG
C786,Control,Caucasian,AG
C787,Control,Caucasian,AG
C788,Control,Caucasian,AG
C789,Control,Caucasian,AG
C790,Control,Caucasian,AG
C791,Control,Caucasian,AG
C792,Control,Caucasian,AG
C793,Control,Caucasian,AG
C794,Control,Caucasian,AG
C795,Control,Caucasian,AG
C796,Control,Caucasian,GG
C797,Control,Caucasian,AA
C798,Control,Caucasian,AG
C799,Control,Caucasian,AG
C800,Control,Caucasian,AG
C801,Control,Caucasian,AG
C802,Control,Caucasian,AG
C803,Control,Caucasian,GG
C804,Control,Caucasian,AG
C805,Control,Caucasian,AG
C806,Control,Caucasian,AG
C807,Control,Caucasian,AG
C808,Control,Caucasian,AA
C809,Control,Caucasian,AG
C810,Control,Caucasian,AG
C811,Control,Caucasian,AG
C812,Control,Caucasian,AG
C813,Control,Caucasian,AG
C814,Control,Caucasian,AG
C815,Control,Caucasian,AG
C816,Control,Caucasian,AG
C817,Control,Caucasian,AG
C818,Control,Caucasian,AG
C819,Control,Caucasian,AG
C820,Control,Caucasian,AG
C821,Control,Caucasian,AG
C822,Control,Caucasian,AG
C823,Control,Caucasian,AG
C824,Control,Caucasian,AG
C825,Control,Caucasian,AG
C826,Control,Caucasian,AG
C827,Control,Caucasian,AG
C828,Control,Caucasian,AG
C829,Control,Caucasian,GG
C830,Control,Caucasian,GG
C831,Control,Caucasian,AG
C832,Control,Caucasian,AG
C833,Control,Caucasian,AG
C834,Control,Caucasian,AG
C835,Control,Caucasian,AG
C836,Control,Caucasian,GG
C837,Control,Caucasian,AA
C838,Control,Caucasian,GG
C839,Control,Caucasian,AG
C840,Control,Caucasian,GG
C841,Control,Caucasian,AG
A600,Athlete,Caucasian,AA
A601,Athlete,Caucasian,AA
A602,Athlete,Caucasian,AG
A603,Athlete,Caucasian,AG
A604,Athlete,Caucasian,AA
A605,Athlete,Caucasian,AG
A606,Athlete,Caucasian,AG
A607,Athlete,Caucasian,AG
A608,Athlete,Caucasian,AG
A609,Athlete,Caucasian,AG
A610,Athlete,Caucasian,AA
A611,Athlete,Caucasian,AA
A612,Athlete,Caucasian,GG
A613,Athlete,Caucasian,AA
A614,Athlete,Caucasian,AA
A615,Athlete,Caucasian,AA
A616,Athlete,Caucasian,AA
A617,Athlete,Caucasian,AG
A618,Athlete,Caucasian,AA
A619,Athlete,Caucasian,AA
A620,Athlete,Caucasian,AA
A621,Athlete,Caucasian,AA
A622,Athlete,Caucasian,AA
A623,Athlete,Caucasian,AA
A624,Athlete,Caucasian,AA
A625,Athlete,Caucasian,AG
A626,Athlete,Caucasian,AG
A627,Athlete,Caucasian,AG
A628,Athlete,Caucasian,AG
A629,Athlete,Caucasian,AG
A630,Athlete,Caucasian,AA
A631,Athlete,Caucasian,AA
A632,Athlete,Caucasian,AA
A633,Athlete,Caucasian,AG
A634,Athlete,Caucasian,AA
A635,Athlete,Caucasian,AA
A636,Athlete,Caucasian,AG
A637,Athlete,Caucasian,AG
A638,Athlete,Caucasian,AG
A639,Athlete,Caucasian,GG
A640,Athlete,Caucasian,AA
A641,Athlete,Caucasian,AA
A642,Athlete,Caucasian,AA
A643,Athlete,Caucasian,AA
A644,Athlete,Caucasian,
A645,Athlete,Caucasian,AG
A646,Athlete,Caucasian,AG
A647,Athlete,Caucasian,AG
A648,Athlete,Caucasian,AA
A649,Athlete,Caucasian,AG
A650,Athlete,Caucasian,AA
A651,Athlete,Caucasian,AG
A652,Athlete,Caucasian,AA
A653,Athlete,Caucasian,AG
A654,Athlete,Caucasian,AA
A655,Athlete,Caucasian,AG
A656,Athlete,Caucasian,AA
A657,Athlete,Caucasian,AG
A658,Athlete,Caucasian,AA
A659,Athlete,Caucasian,AA
A660,Athlete,Caucasian,AA
A661,Athlete,Caucasian,AG
A662,Athlete,Caucasian,AG
A663,Athlete,Caucasian,AG
A664,Athlete,Caucasian,AG
A665,Athlete,Caucasian,AA
A666,Athlete,Caucasian,AA
A667,Athlete,Caucasian,AA
A668,Athlete,Caucasian,AG
A669,Athlete,Caucasian,AA
A670,Athlete,Caucasian,AA
A671,Athlete,Caucasian,GG
A672,Athlete,Caucasian,AA
A673,Athlete,Caucasian,AA
A674,Athlete,Caucasian,AA
A675,Athlete,Caucasian,AA
A676,Athlete,Caucasian,AA
A677,Athlete,Caucasian,AA
A678,Athlete,Caucasian,AA
A679,Athlete,Caucasian,AG
A680,Athlete,Caucasian,AA
A681,Athlete,Caucasian,GG
A682,Athlete,Caucasian,AA
A683,Athlete,Caucasian,AG
A684,Athlete,Caucasian,AG
A685,Athlete,Caucasian,AG
A686,Athlete,Caucasian,AG
A687,Athlete,Caucasian,AA
A688,Athlete,Caucasian,AA
A689,Athlete,Caucasian,AG
A690,Athlete,Caucasian,AA
A691,Athlete,Caucasian,AG
A692,Athlete,Caucasian,AA
A693,Athlete,Caucasian,AG
A694,Athlete,Caucasian,AA
A695,Athlete,Caucasian,AG
A696,Athlete,Caucasian,AA
A697,Athlete,Caucasian,AA
A698,Athlete,Caucasian,AG
A699,Athlete,Caucasian,AG
A700,Athlete,Caucasian,AA
A701,Athlete,Caucasian,AG
A702,Athlete,Caucasian,AA
A703,Athlete,Caucasian,AG
A704,Athlete,Caucasian,AA
A705,Athlete,Caucasian,AA
A706,Athlete,Caucasian,AA
A707,Athlete,Caucasian,AA
A708,Athlete,Caucasian,AG
A709,Athlete,Caucasian,AA
A710,Athlete,Caucasian,AA
A711,Athlete,Caucasian,AA
A712,Athlete,Caucasian,AG
A713,Athlete,Caucasian,AG
A714,Athlete,Caucasian,AG
A715,Athlete,Caucasian,AA
A716,Athlete,Caucasian,AG
A717,Athlete,Caucasian,AA
A718,Athlete,Caucasian,AA
A719,Athlete,Caucasian,AA
A720,Athlete,Caucasian,AA
A721,Athlete,Caucasian,AA
A722,Athlete,Caucasian,AA
A723,Athlete,Caucasian,AA
A724,Athlete,Caucasian,AA
A725,Athlete,Caucasian,AA
A726,Athlete,Caucasian,AA
A727,Athlete,Caucasian,AG
A728,Athlete,Caucasian,AG
A729,Athlete,Caucasian,AG
A730,Athlete,Caucasian,AA
A731,Athlete,Caucasian,AA
A732,Athlete,Caucasian,AG
A733,Athlete,Caucasian,AA
A734,Athlete,Caucasian,AG
A735,Athlete,Caucasian,GG
A736,Athlete,Caucasian,AA
A737,Athlete,Caucasian,AG
A738,Athlete,Caucasian,AG
A739,Athlete,Caucasian,AG
A740,Athlete,Caucasian,AA
A741,Athlete,Caucasian,AA
A742,Athlete,Caucasian,AA
A743,Athlete,Caucasian,AA
A744,Athlete,Caucasian,GG
A745,Athlete,Caucasian,AG
A746,Athlete,Caucasian,GG
A747,Athlete,Caucasian,AG
A748,Athlete,Caucasian,AG
A749,Athlete,Caucasian,AA
A750,Athlete,Caucasian,AA
A751,Athlete,Caucasian,AG
A752,Athlete,Caucasian,AG
A753,Athlete,Caucasian,GG
A754,Athlete,Caucasian,AA
A755,Athlete,Caucasian,AA
A756,Athlete,Caucasian,AA
A757,Athlete,Caucasian,GG
A758,Athlete,Caucasian,AG
A759,Athlete,Caucasian,AG
A760,Athlete,Caucasian,AG
A761,Athlete,Caucasian,AG
A762,Athlete,Caucasian,AG
A763,Athlete,Caucasian,AG
A764,Athlete,Caucasian,AA
A765,Athlete,Caucasian,AA
A766,Athlete,Caucasian,AA
A767,Athlete,Caucasian,AG
A768,Athlete,Caucasian,AA
A769,Athlete,Caucasian,AA
A770,Athlete,Caucasian,AA
A771,Athlete,Caucasian,AA
A772,Athlete,Caucasian,AG
A773,Athlete,Caucasian,AG
A774,Athlete,Caucasian,AA
A775,Athlete,Caucasian,AA
A776,Athlete,Caucasian,AG
A777,Athlete,Caucasian,AA
A778,Athlete,Caucasian,AG
A779,Athlete,Caucasian,AG
A780,Athlete,Caucasian,AA
A781,Athlete,Caucasian,AA
A782,Athlete,Caucasian,AA
A783,Athlete,Caucasian,AA
A784,Athlete,Caucasian,AG
A785,Athlete,Caucasian,AG
A786,Athlete,Caucasian,AG
A787,Athlete,Caucasian,AA
A788,Athlete,Caucasian,AG
A789,Athlete,Caucasian,AA
A790,Athlete,Caucasian,AA
A791,Athlete,Caucasian,AG
A792,Athlete,Caucasian,AG
A793,Athlete,Caucasian,AA
A794,Athlete,Caucasian,AG
A795,Athlete,Caucasian,AG
A796,Athlete,Caucasian,AG
A797,Athlete,Caucasian,AG
A798,Athlete,Caucasian,AA
A799,Athlete,Caucasian,AA
A800,Athlete,Caucasian,AA
A801,Athlete,Caucasian,AA
A802,Athlete,Caucasian,AG
A803,Athlete,Caucasian,AA
A804,Athlete,Caucasian,GG
A805,Athlete,Caucasian,AA
A806,Athlete,Caucasian,AA
A807,Athlete,Caucasian,AA
A808,Athlete,Caucasian,AG
A809,Athlete,Caucasian,AA
A810,Athlete,Caucasian,AG
A811,Athlete,Caucasian,AG
A812,Athlete,Caucasian,AG
A813,Athlete,Caucasian,AA
A814,Athlete,Caucasian,AG
A815,Athlete,Caucasian,AA
A816,Athlete,Caucasian,AG
A817,Athlete,Caucasian,AG
A818,Athlete,Caucasian,AG
A819,Athlete,Caucasian,AA
A820,Athlete,Caucasian,AG
A821,Athlete,Caucasian,AA
A822,Athlete,Caucasian,AA
A823,Athlete,Caucasian,AA
A824,Athlete,Caucasian,AG
A825,Athlete,Caucasian,AA
A826,Athlete,Caucasian,AG
A827,Athlete,Caucasian,AA
A828,Athlete,Caucasian,AG
A829,Athlete,Caucasian,AA
A830,Athlete,Caucasian,AA
A831,Athlete,Caucasian,AG
A832,Athlete,Caucasian,AA
A833,Athlete,Caucasian,AA
A834,Athlete,Caucasian,AA
A835,Athlete,Caucasian,AA
A836,Athlete,Caucasian,AA
A837,Athlete,Caucasian,AG
A838,Athlete,Caucasian,AG
A839,Athlete,Caucasian,AA
A840,Athlete,Caucasian,AA
A841,Athlete,Caucasian,AG
A842,Athlete,Caucasian,AA
A843,Athlete,Caucasian,AA
A844,Athlete,Caucasian,AG
A845,Athlete,Caucasian,AA
A846,Athlete,Caucasian,AG
A847,Athlete,Caucasian,AG
A848,Athlete,Caucasian,AG
A849,Athlete,Caucasian,AG
A850,Athlete,Caucasian,AA
A851,Athlete,Caucasian,AA
A852,Athlete,Caucasian,AA
A853,Athlete,Caucasian,AA
A854,Athlete,Caucasian,AA
A855,Athlete,Caucasian,AG
A856,Athlete,Caucasian,AA
A857,Athlete,Caucasian,AA
A858,Athlete,Caucasian,AG
A859,Athlete,Caucasian,AA
A860,Athlete,Caucasian,AA
A861,Athlete,Caucasian,AG
A862,Athlete,Caucasian,AG
A863,Athlete,Caucasian,AA
A864,Athlete,Caucasian,AG
A865,Athlete,Caucasian,AA
A866,Athlete,Caucasian,AA
A867,Athlete,Caucasian,AA
A868,Athlete,Caucasian,AA
A869,Athlete,Caucasian,AA
A870,Athlete,Caucasian,AA
A871,Athlete,Caucasian,AA
A872,Athlete,Caucasian,AG
A873,Athlete,Caucasian,AA
A874,Athlete,Caucasian,AG
A875,Athlete,Caucasian,AA
A876,Athlete,Caucasian,AA
A877,Athlete,Caucasian,AG
A878,Athlete,Caucasian,AA
A879,Athlete,Caucasian,AG
A880,Athlete,Caucasian,AG
A881,Athlete,Caucasian,AA
A882,Athlete,Caucasian,AA
A883,Athlete,Caucasian,AG
A884,Athlete,Caucasian,
A885,Athlete,Caucasian,AG
A886,Athlete,Caucasian,AA
A887,Athlete,Caucasian,AG
A888,Athlete,Caucasian,AG
A889,Athlete,Caucasian,AG
A890,Athlete,Caucasian,AA
A891,Athlete,Caucasian,AA
A892,Athlete,Caucasian,AA
A893,Athlete,Caucasian,AG
A894,Athlete,Caucasian,AA
A895,Athlete,Caucasian,AG
A896,Athlete,Caucasian,AA
A897,Athlete,Caucasian,AA
A898,Athlete,Caucasian,AG
A899,Athlete,Caucasian,AA
A900,Athlete,Caucasian,AG
A901,Athlete,Caucasian,AA
A902,Athlete,Caucasian,AA
A903,Athlete,Caucasian,AG
A904,Athlete,Caucasian,AA
A905,Athlete,Caucasian,AA
A906,Athlete,Caucasian,AA
A907,Athlete,Caucasian,AA
A908,Athlete,Caucasian,AG
A909,Athlete,Caucasian,AA
A910,Athlete,Caucasian,AA
A911,Athlete,Caucasian,AG
A912,Athlete,Caucasian,AA
A913,Athlete,Caucasian,AA
A914,Athlete,Caucasian,AA
A915,Athlete,Caucasian,GG
A916,Athlete,Caucasian,AA
A917,Athlete,Caucasian,AA
A918,Athlete,Caucasian,AA
A919,Athlete,Caucasian,AA
A920,Athlete,Caucasian,AA
A921,Athlete,Caucasian,AG
A922,Athlete,Caucasian,AA
A923,Athlete,Caucasian,AA
A924,Athlete,Caucasian,AA
A925,Athlete,Caucasian,AG
A926,Athlete,Caucasian,AA
A927,Athlete,Caucasian,AA
A928,Athlete,Caucasian,AG
A929,Athlete,Caucasian,AA
A930,Athlete,Caucasian,AA
A931,Athlete,Caucasian,AA
A932,Athlete,Caucasian,AA
A933,Athlete,Caucasian,AA
A934,Athlete,Caucasian,AA
A935,Athlete,Caucasian,AA
A936,Athlete,Caucasian,AA
A937,Athlete,Caucasian,AG
A938,Athlete,Caucasian,AG
A939,Athlete,Caucasian,AA
A940,Athlete,Caucasian,AA
A941,Athlete,Caucasian,AA
A942,Athlete,Caucasian,AG
A943,Athlete,Caucasian,AG
A944,Athlete,Caucasian,AA
A945,Athlete,Caucasian,AA
A946,Athlete,Caucasian,GG
A947,Athlete,Caucasian,AG
A948,Athlete,Caucasian,AA
A949,Athlete,Caucasian,GG
C842,Control,Caucasian,AG
C843,Control,Caucasian,AG
C844,Control,Caucasian,AA
C845,Control,Caucasian,AG
C846,Control,Caucasian,AA
C847,Control,Caucasian,AG
C848,Control,Caucasian,AA
C849,Control,Caucasian,AA
C850,Control,Caucasian,AG
C851,Control,Caucasian,GG
C852,Control,Caucasian,AA
C853,Control,Caucasian,AA
C854,Control,Caucasian,AG
C855,Control,Caucasian,AA
C856,Control,Caucasian,AA
C857,Control,Caucasian,AG
C858,Control,Caucasian,AG
C859,Control,Caucasian,AG
C860,Control,Caucasian,AA
C861,Control,Caucasian,AG
C862,Control,Caucasian,AG
C863,Control,Caucasian,AA
C864,Control,Caucasian,AA
C865,Control,Caucasian,AG
C866,Control,Caucasian,GG
C867,Control,Caucasian,AA
C868,Control,Caucasian,GG
C869,Control,Caucasian,AA
C870,Control,Caucasian,AG
C871,Control,Caucasian,AA
C872,Control,Caucasian,AG
C873,Control,Caucasian,GG
C874,Control,Caucasian,AA
C875,Control,Caucasian,AA
C876,Control,Caucasian,AG
C877,Control,Caucasian,AA
C878,Control,Caucasian,AA
C879,Control,Caucasian,GG
C880,Control,Caucasian,GG
C881,Control,Caucasian,GG
C882,Control,Caucasian,AA
C883,Control,Caucasian,AA
C884,Control,Caucasian,AA
C885,Control,Caucasian,AG
C886,Control,Caucasian,AG
C887,Control,Caucasian,AA
C888,Control,Caucasian,AG
C889,Control,Caucasian,AG
C890,Control,Caucasian,AA
C891,Control,Caucasian,AG
C892,Control,Caucasian,AG
C893,Control,Caucasian,AA
C894,Control,Caucasian,AA
C895,Control,Caucasian,AA
C896,Control,Caucasian,AA
C897,Control,Caucasian,AG
C898,Control,Caucasian,AG
C899,Control,Caucasian,AG
C900,Control,Caucasian,AG
C901,Control,Caucasian,GG
C902,Control,Caucasian,AA
C903,Control,Caucasian,AG
C904,Control,Caucasian,AA
C905,Control,Caucasian,AA
C906,Control,Caucasian,AA
C907,Control,Caucasian,AG
C908,Control,Caucasian,AA
C909,Control,Caucasian,GG
C910,Control,Caucasian,AA
C911,Control,Caucasian,AA
C912,Control,Caucasian,AA
C913,Control,Caucasian,AG
C914,Control,Caucasian,AA
C915,Control,Caucasian,AG
C916,Control,Caucasian,AG
C917,Control,Caucasian,AA
C918,Control,Caucasian,AA
C919,Control,Caucasian,AA
C920,Control,Caucasian,AG
C921,Control,Caucasian,AG
C922,Control,Caucasian,AA
C923,Control,Caucasian,AG
C924,Control,Caucasian,AG
C925,Control,Caucasian,AA
C926,Control,Caucasian,AA
C927,Control,Caucasian,AA
C928,Control,Caucasian,GG
C929,Control,Caucasian,AG
C930,Control,Caucasian,GG
C931,Control,Caucasian,AA
C932,Control,Caucasian,AG
C933,Control,Caucasian,AG
C934,Control,Caucasian,AG
C935,Control,Caucasian,AA
C936,Control,Caucasian,AA
C937,Control,Caucasian,AA
C938,Control,Caucasian,AG
C939,Control,Caucasian,AA
C940,Control,Caucasian,AG
C941,Control,Caucasian,AA
C942,Control,Caucasian,AA
C943,Control,Caucasian,AA
C944,Control,Caucasian,AG
C945,Control,Caucasian,AG
C946,Control,Caucasian,AA
C947,Control,Caucasian,AA
C948,Control,Caucasian,AA
C949,Control,Caucasian,AA
C950,Control,Caucasian,AA
C951,Control,Caucasian,AA
C952,Control,Caucasian,AA
C953,Control,Caucasian,AG
C954,Control,Caucasian,AA
C955,Control,Caucasian,AG
C956,Control,Caucasian,AG
C957,Control,Caucasian,AG
C958,Control,Caucasian,AG
C959,Control,Caucasian,AG
C960,Control,Caucasian,AA
C961,Control,Caucasian,AG
C962,Control,Caucasian,AA
C963,Control,Caucasian,AA
C964,Control,Caucasian,AG
C965,Control,Caucasian,AG
C966,Control,Caucasian,AG
C967,Control,Caucasian,AA
C968,Control,Caucasian,AG
C969,Control,Caucasian,AG
C970,Control,Caucasian,AA
C971,Control,Caucasian,AA
C972,Control,Caucasian,AG
C973,Control,Caucasian,AG
C974,Control,Caucasian,AA
C975,Control,Caucasian,AG
C976,Control,Caucasian,AA
C977,Control,Caucasian,AG
C978,Control,Caucasian,AA
C979,Control,Caucasian,AA
C980,Control,Caucasian,AG
C981,Control,Caucasian,AA
C982,Control,Caucasian,AA
C983,Control,Caucasian,AA
C984,Control,Caucasian,AA
C985,Control,Caucasian,AG
C986,Control,Caucasian,GG
C987,Control,Caucasian,AA
C988,Control,Caucasian,AG
C989,Control,Caucasian,AG
C990,Control,Caucasian,AG
C991,Control,Caucasian,AA
C992,Control,Caucasian,AA
C993,Control,Caucasian,AA
C994,Control,Caucasian,GG
C995,Control,Caucasian,AA
C996,Control,Caucasian,AA
C997,Control,Caucasian,AA
C998,Control,Caucasian,AA
C999,Control,Caucasian,AG
C1000,Control,Caucasian,AG
C1001,Control,Caucasian,AA
C1002,Control,Caucasian,AA
C1003,Control,Caucasian,AG
C1004,Control,Caucasian,AG
C1005,Control,Caucasian,AA
C1006,Control,Caucasian,AA
C1007,Control,Caucasian,AG
C1008,Control,Caucasian,AA
C1009,Control,Caucasian,AA
C1010,Control,Caucasian,AG
C1011,Control,Caucasian,AG
C1012,Control,Caucasian,AA
C1013,Control,Caucasian,AA
C1014,Control,Caucasian,AA
C1015,Control,Caucasian,AA
C1016,Control,Caucasian,AA
C1017,Control,Caucasian,AA
C1018,Control,Caucasian,AG
C1019,Control,Caucasian,AA
C1020,Control,Caucasian,AA
C1021,Control,Caucasian,AG
C1022,Control,Caucasian,AA
C1023,Control,Caucasian,AA
C1024,Control,Caucasian,AA
C1025,Control,Caucasian,AA
C1026,Control,Caucasian,AG
C1027,Control,Caucasian,GG
C1028,Control,Caucasian,AA
C1029,Control,Caucasian,AG
C1030,Control,Caucasian,AA
C1031,Control,Caucasian,AA
C1032,Control,Caucasian,GG
C1033,Control,Caucasian,AA
C1034,Control,Caucasian,AA
C1035,Control,Caucasian,AA
C1036,Control,Caucasian,AG
C1037,Control,Caucasian,GG
C1038,Control,Caucasian,AG
C1039,Control,Caucasian,AG
C1040,Control,Caucasian,GG
C1041,Control,Caucasian,AA
C1042,Control,Caucasian,AG
C1043,Control,Caucasian,AG
C1044,Control,Caucasian,AA
C1045,Control,Caucasian,AA
C1046,Control,Caucasian,AA
C1047,Control,Caucasian,AG
C1048,Control,Caucasian,AG
C1049,Control,Caucasian,AA
C1050,Control,Caucasian,AG
C1051,Control,Caucasian,AA
C1052,Control,Caucasian,AG
C1053,Control,Caucasian,AA
C1054,Control,Caucasian,GG
C1055,Control,Caucasian,AG
C1056,Control,Caucasian,AA
C1057,Control,Caucasian,AG
C1058,Control,Caucasian,AG
C1059,Control,Caucasian,AG
C1060,Control,Caucasian,AG
C1061,Control,Caucasian,AA
C1062,Control,Caucasian,AG
C1063,Control,Caucasian,GG
C1064,Control,Caucasian,AG
C1065,Control,Caucasian,AG
C1066,Control,Caucasian,AG
C1067,Control,Caucasian,AA
C1068,Control,Caucasian,AG
C1069,Control,Caucasian,AA
C1070,Control,Caucasian,AG
C1071,Control,Caucasian,AG
C1072,Control,Caucasian,AG
C1073,Control,Caucasian,AA
C1074,Control,Caucasian,AA
C1075,Control,Caucasian,AA
C1076,Control,Caucasian,GG
C1077,Control,Caucasian,AA
C1078,Control,Caucasian,AA
C1079,Control,Caucasian,AA
C1080,Control,Caucasian,AG
C1081,Control,Caucasian,AA
C1082,Control,Caucasian,AG
C1083,Control,Caucasian,AG
C1084,Control,Caucasian,AG
C1085,Control,Caucasian,AA
C1086,Control,Caucasian,AG
C1087,Control,Caucasian,AA
C1088,Control,Caucasian,AG
C1089,Control,Caucasian,AA
A950,Athlete,Caucasian,AA
A951,Athlete,Caucasian,AA
A952,Athlete,Caucasian,AG
A953,Athlete,Caucasian,AA
A954,Athlete,Caucasian,AG
A955,Athlete,Caucasian,AA
A956,Athlete,Caucasian,AA
A957,Athlete,Caucasian,AG
A958,Athlete,Caucasian,AG
A959,Athlete,Caucasian,AA
A960,Athlete,Caucasian,GG
A961,Athlete,Caucasian,AA
A962,Athlete,Caucasian,AA
A963,Athlete,Caucasian,AA
A964,Athlete,Caucasian,AA
A965,Athlete,Caucasian,AA
A966,Athlete,Caucasian,AA
A967,Athlete,Caucasian,AG
A968,Athlete,Caucasian,AA
A969,Athlete,Caucasian,AA
A970,Athlete,Caucasian,AG
A971,Athlete,Caucasian,AA
A972,Athlete,Caucasian,AG
A973,Athlete,Caucasian,AA
A974,Athlete,Caucasian,AA
A975,Athlete,Caucasian,AG
A976,Athlete,Caucasian,AA
A977,Athlete,Caucasian,GG
A978,Athlete,Caucasian,AG
A979,Athlete,Caucasian,AG
A980,Athlete,Caucasian,AA
A981,Athlete,Caucasian,AG
A982,Athlete,Caucasian,AA
A983,Athlete,Caucasian,AA
A984,Athlete,Caucasian,AA
A985,Athlete,Caucasian,AG
A986,Athlete,Caucasian,AA
A987,Athlete,Caucasian,AG
A988,Athlete,Caucasian,AG
A989,Athlete,Caucasian,AA
A990,Athlete,Caucasian,AA
A991,Athlete,Caucasian,AG
A992,Athlete,Caucasian,AG
A993,Athlete,Caucasian,AA
A994,Athlete,Caucasian,AG
A995,Athlete,Caucasian,GG
A996,Athlete,Caucasian,AG
A997,Athlete,Caucasian,AA
A998,Athlete,Caucasian,GG
A999,Athlete,Caucasian,AA
A1000,Athlete,Caucasian,AG
A1001,Athlete,Caucasian,AG
A1002,Athlete,Caucasian,AA
A1003,Athlete,Caucasian,AG
A1004,Athlete,Caucasian,AA
A1005,Athlete,Caucasian,AA
A1006,Athlete,Caucasian,AG
A1007,Athlete,Caucasian,AA
A1008,Athlete,Caucasian,AG
A1009,Athlete,Caucasian,GG
A1010,Athlete,Caucasian,AG
A1011,Athlete,Caucasian,AA
A1012,Athlete,Caucasian,AA
A1013,Athlete,Caucasian,AA
A1014,Athlete,Caucasian,AA
A1015,Athlete,Caucasian,AA
A1016,Athlete,Caucasian,AA
A1017,Athlete,Caucasian,AA
A1018,Athlete,Caucasian,GG
A1019,Athlete,Caucasian,AG
A1020,Athlete,Caucasian,GG
A1021,Athlete,Caucasian,AG
A1022,Athlete,Caucasian,AA
A1023,Athlete,Caucasian,AA
A1024,Athlete,Caucasian,AG
A1025,Athlete,Caucasian,AG
A1026,Athlete,Caucasian,AG
A1027,Athlete,Caucasian,AA
A1028,Athlete,Caucasian,AA
A1029,Athlete,Caucasian,AA
A1030,Athlete,Caucasian,AA
A1031,Athlete,Caucasian,AA
A1032,Athlete,Caucasian,AG
A1033,Athlete,Caucasian,AA
A1034,Athlete,Caucasian,AA
A1035,Athlete,Caucasian,AA
A1036,Athlete,Caucasian,AA
A1037,Athlete,Caucasian,GG
A1038,Athlete,Caucasian,AG
A1039,Athlete,Caucasian,AA
A1040,Athlete,Caucasian,AG
A1041,Athlete,Caucasian,AA
A1042,Athlete,Caucasian,AG
A1043,Athlete,Caucasian,AA
A1044,Athlete,Caucasian,AG
A1045,Athlete,Caucasian,AA
A1046,Athlete,Caucasian,GG
A1047,Athlete,Caucasian,AA
A1048,Athlete,Caucasian,AG
A1049,Athlete,Caucasian,AA
A1050,Athlete,Caucasian,AA
A1051,Athlete,Caucasian,AA
A1052,Athlete,Caucasian,AA
A1053,Athlete,Caucasian,AA
A1054,Athlete,Caucasian,AA
A1055,Athlete,Caucasian,AA
A1056,Athlete,Caucasian,AA
A1057,Athlete,Caucasian,GG
A1058,Athlete,Caucasian,AG
A1059,Athlete,Caucasian,AA
A1060,Athlete,Caucasian,AG
A1061,Athlete,Caucasian,AA
A1062,Athlete,Caucasian,AG
A1063,Athlete,Caucasian,AA
A1064,Athlete,Caucasian,AA
A1065,Athlete,Caucasian,AG
A1066,Athlete,Caucasian,AA
A1067,Athlete,Caucasian,AA
A1068,Athlete,Caucasian,GG
A1069,Athlete,Caucasian,GG
A1070,Athlete,Caucasian,AG
A1071,Athlete,Caucasian,AA
A1072,Athlete,Caucasian,AG
A1073,Athlete,Caucasian,AA
A1074,Athlete,Caucasian,AA
A1075,Athlete,Caucasian,AA
A1076,Athlete,Caucasian,AA
A1077,Athlete,Caucasian,AA
A1078,Athlete,Caucasian,AG
A1079,Athlete,Caucasian,AA
A1080,Athlete,Caucasian,GG
A1081,Athlete,Caucasian,AA
A1082,Athlete,Caucasian,AA
A1083,Athlete,Caucasian,AA
A1084,Athlete,Caucasian,AA
A1085,Athlete,Caucasian,AG
A1086,Athlete,Caucasian,AA
A1087,Athlete,Caucasian,AA
A1088,Athlete,Caucasian,AG
